source,target,realValue,layerID,layerColor,layerUnit
Gasoline,Mob priv,33.11,Gasoline,#808080,TWh
Diesel,Mob priv,8.53,Diesel,#D3D3D3,TWh
Diesel,Mob public,1.99,Diesel,#D3D3D3,TWh
Diesel,Freight,4.95,Diesel,#D3D3D3,TWh
NG,Mob priv,0.04,NG,#FFD700,TWh
NG,Mob public,1.17,NG,#FFD700,TWh
NG CCS,Elec,9.89,NG,#FFD700,TWh
NG,CHP,15.15,NG,#FFD700,TWh
NG,Boilers,14.43,NG,#FFD700,TWh
Electricity,Elec,0.81,Electricity,#00BFFF,TWh
Wind,Elec,8.48,Wind,#FFA500,TWh
Hydro Dams,Elec,17.14,Hydro Dam,#00CED1,TWh
Hydro River,Elec,16.76,Hydro River,#0000FF,TWh
Solar,Elec,6.32,Solar,#FFFF00,TWh
Geothermal,DHN,0.41,Geothermal,#FF0000,TWh
Waste,Boilers,11.14,Waste,#808000,TWh
Oil,Boilers,10.68,Oil,#8B008B,TWh
Wood,Boilers,4.21,Wood,#CD853F,TWh
Elec,Mob priv,2.52,Electricity,#00BFFF,TWh
Elec,Mob public,0.13,Electricity,#00BFFF,TWh
Elec,Freight,0.19,Electricity,#00BFFF,TWh
Elec,Exp & Loss,4.34,Electricity,#00BFFF,TWh
Elec,Elec demand,41.81,Electricity,#00BFFF,TWh
Elec,HPs,5.83,Electricity,#00BFFF,TWh
Elec,Heat LT Dec,2.37,Electricity,#00BFFF,TWh
Elec,Heat HT,3.80,Electricity,#00BFFF,TWh
CHP,Elec,6.87,Electricity,#00BFFF,TWh
CHP,DHN,1.35,Heat LT,#FA8072,TWh
CHP,Heat HT,5.42,Heat HT,#DC143C,TWh
HPs,Heat LT Dec,13.55,Heat LT,#FA8072,TWh
HPs,DHN,0.40,Heat LT,#FA8072,TWh
Boilers,Heat LT Dec,19.86,Heat LT,#FA8072,TWh
Boilers,DHN,0.54,Heat LT,#FA8072,TWh
Boilers,Heat HT,9.80,Heat HT,#DC143C,TWh
DHN,Heat LT DHN,2.56,Heat LT,#FA8072,TWh
DHN,Loss DHN,0.13,Heat LT,#FA8072,TWh
